text,emotion
我不想活了,crisis
活着真的好累啊,crisis
我真的想死,crisis
这个世界没有我也没关系吧,crisis
我有时候觉得死了就好了,crisis
每天都想消失,crisis
我真的撑不下去了,crisis
活着到底有什么意义,crisis
我找不到任何活下去的理由,crisis
我不想再撑了,crisis
如果我消失了大家会不会更好,crisis
我真的觉得自己是个废物,crisis
没有人会在乎我吧,crisis
我想从这世界上消失,crisis
好想一觉就不再醒来,crisis
我真的受不了了，想结束一切,crisis
每天都在想不如死了算了,crisis
我觉得自己不配活着,crisis
活着就是受罪,crisis
我真的很想放弃生命,crisis
有时候会想从楼上跳下去,crisis
我真的不想再坚持了,crisis
如果我不在了是不是大家都轻松,crisis
没有人需要我,crisis
我存在的价值是什么,crisis
我想让所有人都忘了我,crisis
每天都在想怎么离开这个世界,crisis
我真的太痛苦了,crisis
我觉得自己根本不配活在这个世界上,crisis
生无可恋,crisis
没有人理解我的痛苦,crisis
我好想消失啊,crisis
我真的没有勇气活下去了,crisis
每天睁开眼就觉得好绝望,crisis
我已经对生活完全没有希望了,crisis
我觉得自己就是个累赘,crisis
如果我突然不在了你们会不会难过,crisis
我每天都在想这些事情,crisis
我真的好累好累,crisis
不知道还能撑多久,depressed
我已经快要崩溃了,depressed
这种日子什么时候是个头,crisis
我真的好绝望啊,crisis
我觉得自己活着就是个错误,crisis
好想永远消失不再醒来,crisis
每天晚上都睡不着一直在想那些事,crisis
我真的快要疯了,crisis
我觉得自己已经到了极限了,crisis
没有一个人真的关心我,crisis
我不知道该怎么办了,crisis
我好害怕自己会做出什么傻事,crisis
我控制不住那些想法,crisis
有时候会想干脆不活了算了,crisis
我真的觉得自己很没用,crisis
每天都在想那些不好的事情,crisis
我好想离开这个世界,crisis
我真的快要受不了了,crisis
活着真的好痛苦,crisis
我已经找不到活下去的动力了,crisis
每天都在煎熬中度过,crisis
我好emo啊，什么都不想做,depressed
感觉整个人都废了,depressed
最近真的好丧啊,depressed
什么都不想干就躺着,depressed
感觉活着没什么意思,depressed
每天都提不起精神,depressed
我好像失去了所有的兴趣,depressed
真的什么都不想做了,depressed
整个人都好无力,depressed
我觉得自己一无是处,depressed
不管做什么都提不起劲,depressed
感觉全世界都跟我没关系,depressed
每天都好低落,depressed
我已经很久没有开心过了,depressed
感觉自己越来越差了,depressed
做什么都觉得没意思,depressed
最近心情一直很不好,depressed
感觉自己被整个世界抛弃了,depressed
我真的很没用,depressed
每天都浑浑噩噩的,depressed
我不知道自己在干什么,depressed
感觉自己什么都不会,depressed
真的觉得自己好差劲,depressed
好久都没有感受到快乐了,depressed
每天都是一样的丧,depressed
我已经放弃努力了,depressed
感觉自己越来越糟糕了,depressed
每天都在摆烂,depressed
真的没有什么值得开心的事情,depressed
我觉得自己什么都做不好,depressed
每天就是躺着刷手机,depressed
心情一直很低落,depressed
感觉自己被所有人忘记了,depressed
真的什么都不想管了,depressed
已经没有动力做任何事了,depressed
我不知道活着为了什么,depressed
每天都在混日子,depressed
感觉自己就是个废人,depressed
最近的情绪一直很差,depressed
已经不想跟任何人说话了,depressed
对什么都没有兴趣,depressed
感觉自己很孤独,depressed
每天都在消耗自己,depressed
我真的好想哭,depressed
不知道为什么总是很难过,depressed
感觉自己被黑暗包围了,depressed
干什么都没意思,depressed
我觉得自己好失败,depressed
每天都很丧,depressed
根本不想出门,depressed
已经很久没有跟朋友聊天了,depressed
感觉自己不配被喜欢,depressed
我真的好难过,depressed
每天都在想自己的各种缺点,depressed
没有任何一件事情让我开心,depressed
感觉自己永远都好不起来,depressed
我觉得自己糟透了,depressed
每天都是灰蒙蒙的,depressed
我已经对什么都麻木了,depressed
真的好累但是睡不着,depressed
感觉自己什么都改变不了,depressed
已经不想努力了,depressed
不知道自己还能撑多久,depressed
每天都在想那些不开心的事,depressed
我觉得一切都是我的错,depressed
真的好绝望,depressed
感觉自己没有未来,depressed
什么都不想做就想睡觉,depressed
每天都是无尽的空虚感,depressed
我已经不在乎任何事了,depressed
感觉自己永远都不会好了,depressed
真的觉得一切都好没意思,depressed
每天都在怀疑自己的价值,depressed
我真的很讨厌自己,depressed
不知道为什么活着就这么难,depressed
感觉自己被所有人嫌弃,depressed
每天都好想哭但是哭不出来,depressed
我已经很久没出过门了,depressed
做什么都没动力,depressed
感觉整个世界都是灰色的,depressed
我好怕考砸了怎么办,anxious
明天要考试了紧张死了,anxious
感觉这次考试肯定完蛋了,anxious
我好焦虑啊睡不着,anxious
一直在想考试的事停不下来,anxious
担心的事情太多了,anxious
我好害怕挂科,anxious
成绩出来之前我好慌,anxious
我怕让爸妈失望,anxious
感觉自己一直在担心未来,anxious
一想到前途就焦虑,anxious
我好怕自己考不上好大学,anxious
面试的时候紧张到发抖,anxious
真的好怕被别人嘲笑,anxious
我担心自己选错了路,anxious
每天都在焦虑各种事情,anxious
考试前就失眠,anxious
我感觉自己一直在恐慌,anxious
真的好怕来不及,anxious
什么都怕出错,anxious
想到明天的事就紧张,anxious
我好担心成绩会下滑,anxious
考试的时候手都在抖,anxious
感觉脑子里全是担心的事,anxious
我好怕自己不够好,anxious
每次上台发言都紧张,anxious
真的好怕被老师点名,anxious
怕自己拼了命还是不行,anxious
我一直在想万一失败了怎么办,anxious
真的好慌啊,anxious
感觉自己做什么都不对,anxious
很怕自己的努力没有用,anxious
一到大考就焦虑得不行,anxious
我真的好怕让父母失望,anxious
担心自己跟不上别人的进度,anxious
每天都在担心各种事情,anxious
我好怕被别人看不起,anxious
真的好紧张不知道该怎么办,anxious
感觉有太多事情要做完不成了,anxious
想到要当众讲话就害怕,anxious
我真的好怕搞砸了,anxious
每次考试之前都会很焦虑,anxious
我好担心自己选的科目不对,anxious
一直在焦虑未来的事情,anxious
真的好怕被批评,anxious
想到高考就紧张,anxious
我感觉自己快要撑不住了,depressed
每天都好焦虑,anxious
怕自己考不过怎么办,anxious
真的好害怕未来,anxious
每次出成绩之前都好紧张,anxious
我总是忍不住想最坏的结果,anxious
真的好怕自己做不好,anxious
感觉什么都是威胁,anxious
担心自己被孤立,anxious
真的好焦虑好焦虑,anxious
考试前一晚完全睡不着,anxious
怕自己努力了也没用,anxious
我感觉整个人都绷得很紧,anxious
真的好怕丢脸,anxious
想到要跟陌生人说话就紧张,anxious
我一直在纠结要不要去做,anxious
真的好怕犯错,anxious
每次想到未完成的事就焦虑,anxious
怕自己选的专业以后不好找工作,anxious
每天都在担心好多事情,anxious
我总是想太多,anxious
真的好怕自己配不上别人的期待,anxious
感觉心里七上八下的,anxious
考试的时候脑子一片空白,anxious
我好怕被同学议论,anxious
真的控制不住地焦虑,anxious
想到父母会生气的样子就好怕,anxious
我已经焦虑好几天了,anxious
真的好怕自己会出问题,anxious
每次要做决定就纠结半天,anxious
感觉自己随时都要崩溃,anxious
真的好怕被发现其实什么都不会,anxious
一想到要公布排名就好紧张,anxious
担心老师觉得我不够努力,anxious
我真的好怕考试的时候出状况,anxious
想到要做小组汇报就发抖,anxious
真的好怕被人讨厌,anxious
每次测验前都紧张到胃疼,anxious
我真的好怕来不及补救,anxious
作业太多根本写不完,stressed
DDL要到了我好崩溃,stressed
这周有五个考试快疯了,stressed
压力好大啊,stressed
感觉自己快要爆了,stressed
卷不动了真的卷不动了,stressed
每天都在被作业追着跑,stressed
学习压力好大撑不住了,stressed
真的好累已经连续熬夜好几天了,stressed
感觉什么都做不完,stressed
作业堆成山了,stressed
真的忙到爆炸,stressed
每天都是上课作业上课作业,stressed
我已经好几天没好好睡觉了,stressed
课太多了一天到晚都在上,stressed
感觉自己像个机器人,stressed
作业写不完考试也来不及复习,stressed
真的好烦每天都是这么多事,stressed
我已经连轴转好几天了,stressed
感觉快要被压垮了,stressed
每天的时间根本不够用,stressed
考不完的试写不完的作业,stressed
真的好累好累,stressed
学习真的太累了,stressed
我已经筋疲力尽了,stressed
每天都在赶DDL,stressed
感觉自己像个陀螺一样转个不停,stressed
周末也在补课没有休息时间,stressed
作业永远写不完,stressed
我已经累到不想说话了,stressed
真的好崩溃,depressed
每天睁开眼就是学习,stressed
感觉被压得喘不过气来,stressed
我已经好久没有好好休息了,stressed
学校的事情太多了,stressed
每天都是赶赶赶,stressed
真的快要被逼疯了,stressed
感觉自己已经到极限了,stressed
作业考试补习班全堆在一起,stressed
我真的好忙,stressed
每天的时间都不够用,stressed
已经开始掉头发了,stressed
我都没有时间做自己喜欢的事,stressed
学习任务太重了,stressed
真的感觉快要撑不住了,depressed
每天都是满课,stressed
已经很累但还是要继续,stressed
作业也太多了吧,stressed
真的快要忙死了,stressed
每天都有做不完的事,stressed
感觉自己一直在跑但永远追不上,stressed
各种补习班排满了,stressed
连吃个饭的时间都没有,stressed
真的好累啊,stressed
我已经加班学习到凌晨了,stressed
感觉压力要把我压扁了,stressed
真的忙到怀疑人生,stressed
每天都像打仗一样,stressed
我真的快崩溃了,depressed
作业补不完考试又要来了,stressed
各种事情堆在一起我处理不过来,stressed
连续好几天只睡了四五个小时,stressed
我真的很累但停下来又觉得愧疚,stressed
每天都被各种DDL追着,stressed
真的好烦每天都有新的任务,stressed
学习压力大到自己都开始头痛了,stressed
我真的忙到分身乏术,stressed
感觉时间永远不够用,stressed
已经连续学习十几个小时了,stressed
快被作业淹没了,stressed
周末还要上课真的受够了,stressed
我已经没有自己的生活了,stressed
每天都在高压下度过,stressed
感觉每天都被推着往前走停不下来,stressed
每天都要背那么多单词我真的头大,stressed
各科老师布置的作业加起来太多了,stressed
每天晚上学到十二点还是写不完,stressed
感觉一天二十四小时根本不够用,stressed
学校活动和学习冲突真的好烦,stressed
我真的已经没有精力了,stressed
每天都有新的事情冒出来,stressed
又要写论文又要做实验快崩溃了,stressed
这学期的课业量也太大了,stressed
今天心情超好,happy
哈哈哈太开心了,happy
今天发生了超棒的事情,happy
成绩出来了考得还不错,happy
终于把作业写完了开心,happy
今天跟朋友出去玩了超开心,happy
这次考试超常发挥了,happy
居然被老师表扬了好开心,happy
今天收到了好多生日祝福,happy
好开心终于放假了,happy
今天天气好好心情也很棒,happy
考试顺利通过了开心,happy
终于把那篇论文写完了,happy
今天真的太快乐了,happy
和好朋友聊天聊了一下午超开心,happy
被暗恋的人注意到我了开心,happy
今天吃到了超好吃的蛋糕,happy
今天 everything is awesome,happy
终于把那道难题解出来了开心,happy
今天真的好开心好开心,happy
比赛拿了一等奖太激动了,happy
感觉自己棒棒的,happy
考完试了整个人都轻松了,happy
今天被夸了好几次,happy
和朋友们在一起真的好开心,happy
今天是完美的一天,happy
我觉得自己超厉害,happy
终于完成目标了,happy
今天真的超级开心,happy
哈哈笑到停不下来,happy
真的太开心了要飞起来了,happy
感觉自己走在云端一样,happy
今天一切都很顺利,happy
今天过得很充实也很快乐,happy
真的超开心,happy
体育课打篮球赢了,happy
今天交到了新朋友,happy
和同学一起完成了一个超酷的项目,happy
今天真的笑了一整天,happy
居然拿了奖学金开心,happy
心情好到想唱歌,happy
今天收到了一个超棒的惊喜,happy
真的感觉人生充满了希望,happy
今天认识了一个很有趣的人,happy
和朋友去吃了一顿超好吃的,happy
这次期末考得比预期好太多了,happy
被选为班代表真的好激动,happy
今天真是完美的一天啊,happy
真的好幸福,happy
今天的阳光特别暖心情也特别暖,happy
感觉自己所有付出都值得了,happy
终于不用再为考试发愁了,happy
今天跟同学开黑赢了超开心,happy
感觉全世界都在对我微笑,happy
今天收到了心仪学校的offer,happy
真的好开心好满足,happy
和最好的朋友一起度过了超棒的一天,happy
突然觉得生活真美好,happy
今天笑到脸都疼了,happy
真的太激动了,happy
感觉整个世界都亮了,happy
今天的一切都刚刚好,happy
被老师说有进步了好开心,happy
一切都在变好呢,happy
真的觉得好幸运,happy
今天真的好有成就感,happy
感觉自己终于配得上那些努力了,happy
和朋友一起逛街买到了喜欢的东西,happy
今天完全没有烦恼,happy
真的太激动了说话都在发抖,happy
好开心好开心好开心,happy
感觉今天所有的运气都用在了好事上,happy
今天被大家围着唱生日歌真的好感动,happy
一切都好顺利,happy
今天的心情就像阳光一样灿烂,happy
真的好开心感觉全世界都是粉色的,happy
觉得今天是自己最棒的一天,happy
完全不想结束今天,happy
感觉今天全世界都在说恭喜,happy
今天被朋友说了一句你真的很棒,happy
好久没有这么开心过了,happy
今天一切都在往好的方向走,happy
努力终于有结果了超开心,happy
加油我可以的,positive
今天也要元气满满地开始,positive
相信自己一定行,positive
虽然很难但我要坚持,positive
每天都在进步哪怕一点点,positive
我要变得更好,positive
这学期一定好好努力,positive
我已经有进步了,positive
继续加油不放弃,positive
不管怎样都要试试,positive
今天的状态还不错,positive
给自己打打气,positive
相信努力会有回报的,positive
虽然累但很充实,positive
我觉得自己可以做到,positive
一步一步来总会好的,positive
已经比昨天好了,positive
保持积极的心态,positive
继续前进不要回头,positive
今天的学习效率还不错,positive
虽然很忙但也挺充实的,positive
我觉得未来还是有希望的,positive
加油加油,positive
没关系下次再来,positive
其实也没那么糟,positive
一切都会好起来的,positive
我决定从今天开始改变,positive
虽然不容易但我不会放弃,positive
每天都给自己一个小目标,positive
我觉得自己正在慢慢变好,positive
这次虽然没考好但下次会更好,positive
不能就这么认输,positive
至少我努力过了,positive
明天又是新的一天,positive
我要做一个更好的人,positive
已经走出低谷了,positive
生活还是有很多美好的事情,positive
重新开始也不晚,positive
我相信自己,positive
虽然过程很痛苦但结果会好的,positive
我要把握每一天,positive
总有一天会到达目的地的,positive
加油你是最棒的,positive
我要好好珍惜现在,positive
困难只是暂时的,positive
已经迈出了第一步,positive
我要微笑着面对一切,positive
就算再难也要坚持到底,positive
每一天都是一个新的机会,positive
我要变得更自信,positive
相信自己做的每一件事都会有意义,positive
不急慢慢来,positive
已经找到方向了,positive
虽然还有很长的路但我会走下去,positive
现在的努力都是为将来做铺垫,positive
我要好好珍惜身边的人,positive
只要不放弃就还有机会,positive
其实我已经比很多人都幸运了,positive
保持乐观继续前行,positive
我觉得自己越来越好了,positive
每天进步一点点就很棒了,positive
这次一定可以的,positive
没有什么过不去的坎,positive
我觉得生活还是充满希望的,positive
勇敢面对就好,positive
我要给自己一个机会,positive
虽然之前失败过但这次我要赢,positive
不要害怕犯错,positive
每天都比昨天好一点就足够了,positive
继续加油吧,positive
努力的人运气不会太差,positive
已经看到曙光了,positive
这次的困难一定能克服,positive
我相信只要坚持就一定有希望,positive
未来可期,positive
我要做一个正能量的人,positive
虽然不容易但每一步都算数,positive
已经慢慢走出困境了,positive
今天也很努力了值得表扬自己,positive
没有什么是学不会的,positive
今天吃了面条,neutral
明天有数学课,neutral
作业是第三章的习题,neutral
今天放学去图书馆,neutral
下周有期末考试,neutral
今天上了四节课,neutral
中午吃了食堂的饭,neutral
今天挺普通的,neutral
作业写了一半,neutral
明天要交报告,neutral
今天去超市买了点东西,neutral
这周末有补习班,neutral
今天翻了一下课本,neutral
大概看了一下笔记,neutral
明天有体育课,neutral
今天看了部电影,neutral
作业还没开始写,neutral
今天没什么特别的,neutral
课间和同学聊了会天,neutral
今天没发生什么,neutral
看了两集电视剧,neutral
今天坐公交去的学校,neutral
天气预报说明天有雨,neutral
中午在教室休息了一会,neutral
今天听了一首新歌,neutral
英语课讲的是定语从句,neutral
放学回家路上看到一只猫,neutral
今天的课一般般,neutral
作业就是那几道题,neutral
下午有一节自习课,neutral
今天走了不少路,neutral
晚饭吃了米饭,neutral
今天换了新文具,neutral
书包有点重,neutral
明天要带美术用品,neutral
今天看了会儿书,neutral
手机还有百分之三十的电,neutral
今天早上起得挺早的,neutral
课表这周有变化,neutral
今天的课间挺短的,neutral
中午随便吃了点,neutral
今天骑自行车上的学,neutral
作业还剩一些没写,neutral
今天老师讲得一般般,neutral
下节课在哪个教室来着,neutral
今天好像忘带笔了,neutral
学校门口新开了一家奶茶店,neutral
这周五有班会,neutral
今天的课就这些了,neutral
同学问我借了个橡皮,neutral
今天中午没午休,neutral
下午提前下课了,neutral
学校的WiFi今天特别慢,neutral
明天要穿校服,neutral
今天去学校旁边的小卖部买了一瓶水,neutral
下周一要交作文,neutral
今天食堂的菜还行吧,neutral
书包里好像多了几本书,neutral
今天好像挺平静的,neutral
早上出门的时候下了点小雨,neutral
教室的空调今天挺冷的,neutral
今天换了座位,neutral
下午最后一节是历史课,neutral
最近上课的内容还行,neutral
今天步行回家的,neutral
放学路上和同学说了会儿话,neutral
今天穿了一件新衣服,neutral
老师说下周五有测验,neutral
今天把笔记整理了一下,neutral
中午在学校食堂吃的,neutral
今天的作业不算多,neutral
回家后先写了会作业,neutral
明天有早读课,neutral
最近在看一本小说,neutral
今天翻了几页单词本,neutral
打算周末去趟书店,neutral
今天稍微复习了一下,neutral
下节课要做什么来着,neutral
今天还行吧不算太忙,neutral
课间休息的时候在走廊转了转,neutral
今天同桌请假了,neutral
快放学了,neutral
最近在考虑选什么课,neutral
今天接到了一个快递,neutral
下周要考化学,neutral
今天打了一会篮球,neutral
放学后打算去跑步,neutral
今天的午饭是汉堡,neutral
明天有语文小测,neutral
今天收拾了一下书桌,neutral
下课铃响了,neutral
今天的状态就是一般般,neutral
我好生气,angry
气死我了,angry
真的气炸了,angry
太气人了,angry
我真的愤怒,angry
好恼火啊,angry
烦死了,angry
烦透了,angry
好烦啊,angry
太烦了,angry
很烦,angry
超级烦,angry
心烦意乱,angry
烦躁不安,angry
烦人,angry
厌烦,angry
讨厌这个人,angry
厌恶,angry
气人,angry
气不过,angry
受不了了,angry
忍不了,angry
无语,angry
好无语,angry
窝火,angry
来气,angry
火大,angry
凭什么,angry
不公平,angry
不讲理,angry
被欺负了,angry
他欺负我,angry
同学欺负我,angry
吵架了,angry
和朋友吵架,angry
吵了一架,angry
闹翻了,angry
翻脸了,angry
打起来了,angry
气得发抖,angry
气到手抖,angry
气得想摔东西,angry
真的好气,angry
气到爆炸,angry
气炸了,angry
被冤枉了,angry
冤枉我,angry
不是我做的却被骂,angry
老师偏心,angry
凭什么说我,angry
明明不是我的错,angry
好烦好烦,angry
烦到想哭,angry
烦得睡不着,angry
看不惯,angry
受不了他,angry
恶心,angry
心烦,angry
烦躁,angry
气死了,angry
气死,angry
气,angry
好气,angry
被误会了,angry
误会我,angry
不想理他,angry
他太过分了,angry
太过分,angry
怎么能这样,angry
气得我,angry
气死我了真的,angry
气到无语,angry
被针对了,angry
针对我,angry
故意刁难我,angry
好烦啊真的,angry
烦得要死,angry
气不打一处来,angry
火冒三丈,angry
怒了,angry
今天学到了新知识,happy
学到了新技能,happy
今天有收获,happy
学到很多东西,happy
终于懂了,happy
明白了,happy
搞明白了,happy
有成就感,happy
感到自豪,happy
骄傲,happy
考好了,happy
考了满分,happy
得了高分,happy
第一名,happy
进步了,happy
被老师夸了,happy
被表扬了,happy
获得认可,happy
得奖了,happy
获奖了,happy
学会了新东西,happy
掌握了新知识,happy
今天很有收获,happy
解出来了,happy
终于做出来了,happy
完成了任务,happy
搞定了,happy
太好了,happy
完美,happy
幸运,happy
好难受,depressed
很难受,depressed
不舒服,depressed
好痛苦,depressed
很痛苦,depressed
糟透了,depressed
委屈,depressed
好委屈,depressed
心塞,depressed
心酸,depressed
心碎,depressed
心痛,depressed
撑不住了,depressed
扛不住了,depressed
坚持不下去,depressed
好累啊,depressed
太累了,depressed
累死了,depressed
崩溃了,depressed
想放弃,depressed
越想越紧张,anxious
脑子里一片空白,anxious
万一期末考砸了怎么办,anxious
紧张到手抖,anxious
心跳好快,anxious
害怕考不上,anxious
坐立不安,anxious
心神不宁,anxious
慌张,anxious
忐忑不安,anxious
考试周来了,stressed
期末复习不完,stressed
作业太多了,stressed
写不完作业,stressed
补课好累,stressed
辅导班太多,stressed
熬夜写作业,stressed
只睡了三个小时,stressed
忙死了,stressed
忙不过来,stressed
我不想再坚持了,crisis
活着不是没有意义,crisis
别放弃自己好吗,crisis
不是没有人关心我吗,crisis
真的蚌埠住了想重开,crisis
破大防了活着好累,crisis
整个人都麻了不想活了,crisis
彻底破防不想活了,crisis
情绪崩盘了想销号,crisis
深夜网抑云想离开,crisis
看到开心的表情觉得刺眼,crisis
别人的笑脸让我更绝望,crisis
群里大家都在发笑哭表情,crisis
朋友圈全是笑脸我做不到,crisis
看到幸福的表情更难受,crisis
满屏的哈哈哈让我恶心,crisis
我想从楼上跳下去,crisis
活着对我来说是煎熬,crisis
每天醒来都想结束生命,crisis
我已经准备好离开了,crisis
死亡对我来说是解脱,crisis
我想用绳子结束一切,crisis
刀片在抽屉里放了很久,crisis
站在桥上想往下跳,crisis
我已经写好遗书了,crisis
想吞药结束这一切,crisis
割腕的血让我平静,crisis
我想烧炭离开,crisis
海水淹没的感觉应该很好,crisis
我想让车撞死我,crisis
上吊应该很快,crisis
从高处坠落会痛吗,crisis
想喝农药一了百了,crisis
我想用塑料袋闷死自己,crisis
活着的每一秒都是折磨,crisis
死亡是我唯一的出路,crisis
我想结束这痛苦的一生,crisis
灵魂已经死了身体还在,crisis
活着只是为了等死,crisis
我想永远的沉睡,crisis
离开是我最好的选择,crisis
我想停止呼吸,crisis
心脏停止跳动就好了,crisis
我想消失在黑夜中,crisis
化成灰就没人记得了,crisis
我想被世界遗忘,crisis
没有我大家会更好,crisis
我的存在是多余的,crisis
消失是最好的礼物,crisis
我想从这个世界退场,crisis
生命对我来说太沉重,crisis
死亡是一种温柔的邀请,crisis
我想放弃这具身体,crisis
灵魂想逃离这个躯壳,crisis
我想永远的闭上眼睛,crisis
痛苦让我想结束一切,crisis
绝望把我推向深渊,crisis
我想一头扎进深渊,crisis
活着太痛苦了想走,crisis
我想离开这个人间,crisis
结束生命是唯一的办法,crisis
死了是不是就不痛了,crisis
为什么我还活着,crisis
活着到底有什么意思,crisis
没有人想我离开吗,crisis
是不是只有我这么想,crisis
死了会有人哭吗,crisis
结束生命需要勇气吗,crisis
我走了大家会轻松吗,crisis
活着比死更难对吗,crisis
为什么痛苦不会停止,crisis
是不是死了才能解脱,crisis
有人能理解这种绝望吗,crisis
我真的不想活了！,crisis
活着太痛苦了！,crisis
让我死了吧！,crisis
为什么我这么惨！,crisis
绝望透顶了！,crisis
真的撑不下去了！,crisis
生不如死啊！,crisis
痛苦到想尖叫！,crisis
活着就是受罪！,crisis
想死想死想死！,crisis
绝望到极点了！,crisis
结束吧这一切！,crisis
活着好累好想解脱,crisis
我想结束这一切痛苦,crisis
死亡在召唤我,crisis
我已经没有留恋了,crisis
想从这个世界消失,crisis
我不难过只是没劲,depressed
不是没有人在乎我,depressed
别说我脆弱好吗,depressed
躺平了完全不想动,depressed
摆烂每一天,depressed
整个人都废了,depressed
网抑云时间到了,depressed
破防了哭了一晚上,depressed
内耗严重到睡不着,depressed
情绪价值为负,depressed
能量耗尽需要充电,depressed
看到夕阳觉得凄凉,depressed
下雨天心情更低落,depressed
听到这首歌就哭了,depressed
刷到悲伤视频停不下来,depressed
看到告别场景就难受,depressed
回忆让我更痛苦,depressed
什么都不想做只想发呆,depressed
对任何事情都没兴趣,depressed
感觉自己像行尸走肉,depressed
每天都是浑浑噩噩,depressed
心里空落落的,depressed
好像失去了所有热情,depressed
对未来没有任何期待,depressed
觉得自己很失败,depressed
活着就是混日子,depressed
已经没有动力了,depressed
对什么都提不起劲,depressed
不想跟任何人说话,depressed
把自己关在房间里,depressed
眼泪控制不住地流,depressed
心里堵得慌,depressed
胸口闷闷的,depressed
总是无缘无故想哭,depressed
笑容都是装出来的,depressed
在人群中更孤独,depressed
没人懂我的感受,depressed
快乐都是别人的,depressed
幸福跟我无关,depressed
世界跟我没关系,depressed
觉得自己是透明人,depressed
被所有人遗忘了,depressed
没有人记得我,depressed
像被遗忘在角落里,depressed
所有的努力都白费,depressed
付出没有回报,depressed
越来越讨厌自己,depressed
觉得自己是负担,depressed
拖累家人的感觉,depressed
做什么都是错的,depressed
反正也没人看,depressed
无所谓了随便吧,depressed
已经麻木了,depressed
感觉不到任何东西,depressed
连哭都没力气,depressed
为什么我总是这样,depressed
怎么才能好起来,depressed
我会一直这样吗,depressed
还能变好吗,depressed
是不是没救了,depressed
为什么快乐那么难,depressed
好绝望啊！,depressed
真的好累！,depressed
不想面对这一切！,depressed
为什么是我！,depressed
真的好痛苦！,depressed
撑不住了！,depressed
好想消失！,depressed
一切都没意义！,depressed
我好差劲！,depressed
每天都是煎熬,depressed
快乐离我好远,depressed
已经放弃治疗了,depressed
心死了身体还活着,depressed
生活一片灰暗,depressed
我不生气只是失望,angry
别惹我了行吗,angry
不是我不想理你,angry
真的蚌埠住了好气,angry
破大防了被气死,angry
心态崩了想骂人,angry
血压飙升想摔手机,angry
气到表情包都发不出,angry
想顺着网线去打他,angry
看到消息就火大,angry
被气得睡不着,angry
凭什么这么对我,angry
太不公平了,angry
怎么可以这样,angry
太过分了真的,angry
简直不可理喻,angry
气得我想掀桌,angry
被冤枉了好委屈,angry
凭什么冤枉我,angry
老师偏心太明显,angry
针对我有意思吗,angry
被同学排挤了,angry
背后说我坏话,angry
造谣中伤我,angry
凭什么欺负我,angry
被当软柿子捏,angry
拿我撒气有意思吗,angry
抢我的东西还嚣张,angry
偷看我的日记,angry
撕我的作业,angry
故意弄坏我的东西,angry
把我的秘密告诉别人,angry
背叛我的朋友,angry
说话不算数,angry
答应的事做不到,angry
打游戏被队友坑,angry
匹配到猪队友,angry
被恶意举报,angry
网速卡到爆炸,angry
手机突然死机,angry
文件没保存,angry
排队被人插队,angry
外卖送迟还撒了,angry
快递被弄丢了,angry
公交挤到爆,angry
空调坏了热死,angry
作业忘交了,angry
考试没带笔,angry
被老师点名批评,angry
为什么总是我倒霉,angry
凭什么他能我不行,angry
为什么要这样对我,angry
就不能公平一点吗,angry
为什么没人帮我,angry
太过分了吧,angry
气死我了！,angry
凭什么啊！,angry
真的忍不了！,angry
怎么能这样！,angry
太恶心了！,angry
不想忍了！,angry
我不会放弃的,positive
不是没有希望,positive
别害怕慢慢来,positive
逆风翻盘可以的,positive
支棱起来继续冲,positive
今天也要加油鸭,positive
拒绝摆烂从我做起,positive
停止内耗专注当下,positive
保持松弛感,positive
给自己正向反馈,positive
建立情绪边界,positive
练习自我关怀,positive
接纳不完美的自己,positive
允许自己慢慢来,positive
每一步都算数,positive
黑暗中也有星光,positive
雨后会有彩虹,positive
冬天过后是春天,positive
低谷是暂时的,positive
挫折让我更强大,positive
失败是成功之母,positive
跌倒了再爬起来,positive
伤疤是勋章,positive
经历让我成长,positive
相信自己可以的,positive
我值得被善待,positive
我配得上美好,positive
我有自己的价值,positive
独特是我的优点,positive
不必和别人比较,positive
今天的我比昨天好,positive
进步就是成功,positive
坚持就是胜利,positive
努力不会白费,positive
付出终有回报,positive
时间会证明一切,positive
选择比努力重要,positive
方向对了就不怕远,positive
慢一点没关系,positive
休息是为了走更远,positive
劳逸结合效率高,positive
身体是革命的本钱,positive
健康第一其他第二,positive
心情好什么都好,positive
心态决定状态,positive
换个角度看问题,positive
塞翁失马焉知非福,positive
坏事变好事,positive
一切都是最好的安排,positive
未来可期加油,positive
明天会更好,positive
阳光总在风雨后,positive
守得云开见月明,positive
柳暗花明又一村,positive
我可以做到！,positive
加油你一定行！,positive
相信自己！,positive
你是最棒的！,positive
曙光就在前方！,positive
胜利属于坚持者！,positive
未来充满希望,positive
我不累只是忙,stressed
不是我想熬夜,stressed
别催了我已经在做了,stressed
被作业追着跑,stressed
任务堆积如山,stressed
时间管理失败,stressed
计划永远赶不上变化,stressed
忙得团团转,stressed
多线程操作崩溃,stressed
内存不足请重启,stressed
各种考试撞期,stressed
竞赛和月考冲突,stressed
社团活动占用学习时间,stressed
补习班排满了周末,stressed
网课和线下课叠加,stressed
作业量超载,stressed
复习不完根本复习不完,stressed
知识点像沙子握不住,stressed
时间不够用啊,stressed
一天四十八小时就好了,stressed
连吃饭都在背书,stressed
上厕所都在刷题,stressed
梦里都在考试,stressed
睡眠不足头晕眼花,stressed
黑眼圈掉到下巴,stressed
咖啡续命中,stressed
靠浓茶提神,stressed
站着都能睡着,stressed
身体被掏空,stressed
精力已经耗尽,stressed
脑袋嗡嗡响,stressed
肩膀僵硬酸痛,stressed
眼睛干涩难受,stressed
颈椎不舒服,stressed
胃又开始痛了,stressed
心跳加速胸闷,stressed
呼吸都觉得累,stressed
爸妈期望好高,stressed
怕辜负家人的希望,stressed
不能让父母失望,stressed
成绩排名压力,stressed
升学竞争激烈,stressed
别人都比我强,stressed
追不上别人的脚步,stressed
越努力越焦虑,stressed
内卷太严重了,stressed
被迫参与竞争,stressed
不想卷但不敢停,stressed
为什么这么多事,stressed
什么时候能休息,stressed
这日子什么时候到头,stressed
快撑不住了！,stressed
压力好大！,stressed
快崩溃了！,stressed
受不了了！,stressed
真想罢工！,stressed
想逃离这一切！,stressed
需要放假！,stressed
任务太多了,stressed
我不紧张只是心跳快,anxious
别看我我很慌,anxious
不是我不想说话,anxious
社交恐惧症犯了,anxious
人群中手足无措,anxious
不敢和人对视,anxious
害怕被关注,anxious
担心说错话,anxious
怕成为焦点,anxious
等待结果好煎熬,anxious
未知让我恐惧,anxious
不确定感好难受,anxious
害怕未来会怎样,anxious
担心找不到工作,anxious
怕考不上好学校,anxious
害怕让父母失望,anxious
担心被朋友抛弃,anxious
怕别人不喜欢我,anxious
害怕做错选择,anxious
担心错过机会,anxious
时间紧迫好慌,anxious
截止日期逼近,anxious
还没准备好,anxious
总是预想最坏结果,anxious
灾难化思维停不住,anxious
脑子里全是负面想法,anxious
反复检查确认,anxious
门有没有锁好,anxious
作业有没有交,anxious
刚才说错话了吗,anxious
他们是不是在说我,anxious
我是不是做错了,anxious
过度解读别人的话,anxious
敏感多疑控制不住,anxious
身体僵硬不放松,anxious
肌肉紧绷酸痛,anxious
走来走去缓解焦虑,anxious
深呼吸也没用,anxious
恐慌感袭来,anxious
窒息感好真实,anxious
腹泻肚子痛,anxious
食欲突然消失,anxious
失眠多梦易醒,anxious
睡眠质量差,anxious
焦虑到失眠,anxious
脑子里停不下来,anxious
怎么办怎么办,anxious
万一失败了,anxious
紧张到手抖！,anxious
救命好慌！,anxious
不敢面对！,anxious
心跳好快！,anxious
呼吸困难！,anxious
我不饿也不饱,neutral
不是不想聊,neutral
别问我我也说不清,neutral
今天就这样吧,neutral
刷视频打发时间,neutral
看小说看到困,neutral
追剧追到无聊,neutral
吃饭睡觉打豆豆,neutral
日复一日年复一年,neutral
生活平淡如水,neutral
早上闹钟响了,neutral
刷牙洗脸出门,neutral
按课表上课,neutral
中午吃了盖浇饭,neutral
下午有两节自习,neutral
放学直接回家,neutral
晚上吃了面条,neutral
写了会作业,neutral
十一点上床,neutral
书包里有五本书,neutral
明天记得带伞,neutral
校服该洗了,neutral
笔芯用完了,neutral
笔记本快写满了,neutral
订书机在抽屉里,neutral
教室在三楼,neutral
饮水机没水了,neutral
黑板还没擦,neutral
窗帘拉了一半,neutral
灯管有点闪,neutral
同桌今天请假,neutral
后排同学在睡觉,neutral
班长收作业了,neutral
第一节是数学,neutral
第二节换教室,neutral
第三节做实验,neutral
午休趴在桌上,neutral
下午测八百米,neutral
放学值日扫地,neutral
公交来了三辆,neutral
路上买了奶茶,neutral
到家放下书包,neutral
打开手机看消息,neutral
群里有九十九条,neutral
朋友圈更新了,neutral
热搜又是明星,neutral
视频刷到宠物,neutral
点赞了几个动态,neutral
放下手机写作业,neutral
写完已经九点半,neutral
洗漱准备睡觉,neutral
明天又是周一,neutral
我不难过我很开心,happy
别怀疑我真的快乐,happy
不是装的真高兴,happy
绝绝子今天太棒了,happy
开心到飞起,happy
幸福感爆棚,happy
嘴角上扬停不下来,happy
笑到肚子疼,happy
开心到转圈圈,happy
走路都带风,happy
哼着歌上学,happy
阳光正好心情美妙,happy
微风拂面好舒服,happy
花开得好美,happy
云朵像棉花糖,happy
晚霞颜色绝了,happy
吃到好吃的炸鸡,happy
奶茶甜度刚好,happy
蛋糕入口即化,happy
火锅太香了,happy
烧烤就是快乐,happy
游戏通关了,happy
抽到了喜欢的角色,happy
番剧更新了,happy
小说结局圆满,happy
漫画终于表白,happy
收到礼物了,happy
被夸了害羞,happy
得到认可了,happy
考试及格了,happy
作业提前完成,happy
被点名回答对了,happy
和朋友聊得很开心,happy
聚会玩得好嗨,happy
一起打游戏赢了,happy
遇到了志同道合的人,happy
交到新朋友了,happy
喜欢的人回消息了,happy
暗恋被发现,happy
今天超幸运,happy
眼泪流干了,depressed
连哭的力气都没了,depressed
心里像压了块石头,depressed
好空虚好寂寞,depressed
快乐是什么感觉,depressed
太气人了真的,angry
气到说不出话,angry
凭什么冤枉好人,angry
每天进步一点点,positive
相信自己能行,positive
困难是暂时的,positive
一切都会变好,positive
做最好的自己,positive
加油坚持住,positive
快被压垮了,stressed
时间根本不够,stressed
事情多到做不完,stressed
累到想罢工,stressed
紧张到不行,anxious
手心全是汗,anxious
脑子里乱糟糟,anxious
担心的事情太多,anxious
心跳得好快,anxious
没什么特别的,neutral
今天运气超好,happy
笑到停不下来,happy
幸福感满满,happy
今天诸事顺利,happy
心情美美哒,happy
灵魂被抽空了,depressed
眼泪止不住地流,depressed
浑身无力只想躺着,depressed
气得我想骂人,angry
凭什么这样对我,angry
被气到说不出话,angry
简直欺人太甚,angry
黑暗总会过去,positive
忙到怀疑人生,stressed
连轴转快累死了,stressed
紧张到想吐,anxious
脑子里全是坏的念头,anxious
害怕面对结果,anxious
今天就这样,neutral
平平常常的一天,neutral
今天心情超棒,happy
开心到想跳舞,happy
幸福来得太突然,happy
活着真的好累,crisis
想永远的离开,crisis
看到笑脸表情我也笑了,happy
群里发庆祝表情好热闹,happy
收到爱心表情好开心,happy
今天怎么这么开心,happy
开心到飞起啊！,happy
刷到无表情内容的帖子,neutral
看到普通的日常表情,neutral
看到加油表情更有劲了,positive
收到鼓励的表情包,positive
我能做到对吗,positive
一定要坚持住！,positive
看到满屏消息表情更烦了,stressed
收到催命表情压力山大,stressed
忙到想发崩溃表情！,stressed
看到已读不回表情慌了,anxious
收到微笑表情更紧张了,anxious
发愤怒表情发泄一下,angry
气得我发了一堆炸弹表情,angry
看到快乐的表情更难受了,depressed
别人的太阳表情刺痛我,depressed
最近心情一直很低落，做什么都提不起劲,depressed
今天又是一个人待在房间里，孤独感好强,depressed
已经连续好几天失眠了，翻来覆去睡不着,depressed
不知道为什么最近总是觉得很忧伤,depressed
看着同学们有说有笑，我只有孤独感,depressed
今天又没精神去上课，整个人消沉得不行,depressed
晚上怎么也睡不好，总是半夜就醒了,depressed
没什么特别的事，就是情绪低落提不起兴趣,depressed
最近什么都不想做，对什么都提不起劲,depressed
吃完饭就躺在床上一动不动，完全没动力了,depressed
今天的心情又沉到了谷底，好难过好失落,depressed
已经好几天没跟人说过话了，不想说话不想动,depressed
一个人走回家的路上，心里特别失落好难过,depressed
眼睛又湿了，眼泪总是在不经意间掉下来,depressed
每天晚上都睡不好，白天也没精神不想动,depressed
最近老是一个人发呆，感觉好空虚好落寞,depressed
又是一个人的周末，连出门的力气都没有了，好消沉,depressed
看着窗外发呆，心里有种说不出的忧伤和烦闷,depressed
没什么食欲，吃什么都觉得没意思好失落,depressed
最近总是很想哭，但又不知道为什么好难受,depressed
这次考试又考砸了，觉得自己好没用心里好难过,depressed
努力了那么久成绩还是没进步，好失落好消沉,depressed
看着成绩单上的分数，心里特别难过特别失落,depressed
明明很认真在学了可成绩就是上不去，好沮丧,depressed
好像不管怎么努力都不行，心情很消沉很低落,depressed
这次排名又掉了很多，感觉自己越来越差好难受,depressed
老师叫到名字的时候低着头，心里好难过不想看,depressed
期中考试成绩出来了比上次还差，好失落好难过,depressed
作业做了一整晚还是不会，感觉自己好笨好沮丧,depressed
看着别人轻轻松松拿高分我只有难过的份,depressed
补课也没用成绩越来越差，心里好难受好消沉,depressed
听到别人被表扬的时候我只有躲起来好失落,depressed
觉得自己什么都做不好，心情很低落很沮丧,depressed
明明花了很多时间复习还是考不好好难过,depressed
模拟考的成绩让我特别消沉，心里好低落好难受,depressed
成绩退步了好多感觉自己好没用，心情特别消沉,depressed
每次考试都考不好，对自己越来越失望好难过,depressed
数学又没及格感觉自己真的很笨心情很低落,depressed
努力了很久结果还是一样，真的好沮丧好消沉,depressed
成绩单发下来的时候手都在抖，心里好难过,depressed
朋友约我出去我都没去不想见人心情很低落,depressed
今天班上有活动我也没参加一个人待着好落寞,depressed
同学们聊天我插不上嘴就一个人坐着好孤独好失落,depressed
手机响了也不想看不想跟任何人说话好空虚好孤独,depressed
今天又推掉了朋友的邀约只想一个人待着好落寞,depressed
大家都在讨论去哪里玩我只觉得好孤独好失落,depressed
又是一个人吃午饭感觉好空虚好孤独感,depressed
朋友圈里看到同学聚会只有我没有人约好落寞,depressed
同学发消息我也懒得回不想社交了好孤独好落寞,depressed
体育课自由活动的时候都是一个人站着好失落,depressed
凌晨三点还醒着脑子里想东想西，又失眠了,depressed
又失眠了数羊数到一千还是睡不着好难受,depressed
躺了很久很久就是没法入睡好烦闷好消沉,depressed
天都快亮了才迷迷糊糊睡着白天没精神好累,depressed
最近每天只能睡三四个小时好累心情也好低落,depressed
闭上眼睛脑子就停不下来怎么也睡不好,depressed
半夜总是醒来然后就再也睡不着了好空虚好低落,depressed
听着室友的呼吸声我却在床上翻来覆去好孤独好难受,depressed
又是失眠的一夜天亮了眼睛还是肿的好难过,depressed
连续一周都睡不好了整个人情绪很低落,depressed
同学说我坏话我真的很生气,angry
凭什么让我一个人做值日太不公平了,angry
他明明答应了我的事又反悔真气人,angry
老师冤枉我抄作业我真的很生气,angry
同桌总是越过三八线说了也不听好气人,angry
他们偷偷议论我真的很愤怒,angry
凭什么每次都是我背锅太过分了,angry
他当众让我下不来台我火冒三丈,angry
明明不是我弄坏的非说是我干的真生气,angry
班干部太偏心了凭什么只管我不管别人,angry
朋友背着我偷偷去玩还骗我说是有事真气人,angry
被同学恶意嘲笑我真的很愤怒,angry
他们合起伙来欺负人我忍无可忍了,angry
凭什么让我把座位让给他我拒绝了好几次真恼火,angry
他说的话太伤人了让我好生气好恼火,angry
我没有抄作业老师凭什么不信我真生气,angry
我不是故意的他们为什么非要怪我真气人,angry
我只是好心帮忙结果反而被嫌弃了好生气,angry
说了实话反而被怪罪真是气死我了,angry
我不是那个意思他们干嘛这么误会我好恼火,angry
解释了半天也没人听真的太气人了,angry
被冤枉的感觉太难受了心里好愤怒好生气,angry
我做错了什么要被这样对待太不公平了好气,angry
明明是他们的错凭什么怪到我头上真生气,angry
不是我传的闲话凭什么让我道歉真恼火,angry
评优名额明明该我的被顶替了好生气,angry
凭什么他迟到没事我迟到就挨骂真不公平,angry
运动会接力赛我跑得最好却不让我上场的真气,angry
辛苦做的项目被别人拿去邀功气死我了,angry
为什么别人犯错就没事我就要被罚好生气,angry
名额给了关系户完全不公平我真愤怒,angry
老师在班里偏心某些同学真让人火大,angry
我被安排了最多的值日任务凭什么真恼火,angry
凭什么我发言总是被打断别人就可以好生气,angry
明明我是对的却没人站出来帮我说话好气人,angry
妈妈又不听我解释就吼我真的好烦好生气,angry
爸爸说话太难听了我们大吵了一架我很愤怒,angry
老师当着全班的面批评我让我很生气,angry
回家就被骂说什么都不对真气人,angry
爸妈根本不理解我只会一味地说教好生气,angry
跟妈妈吵完架把自己关在房间里气得发抖,angry
爸妈答应的事又食言了真的很愤怒很生气,angry
跟爸妈说了我的想法他们完全不当回事好生气,angry
今天又被老师说了一顿明明不是我干的真生气,angry
跟妈妈大吵一架了我气得不想说话了,angry
排队排了半小时被插队我直接就吵起来了,angry
手机又被没收了真的很生气好恼火,angry
说好周末出去结果又泡汤了好生气,angry
忍了很久了今天终于发火了,angry
又被误会了真是气急了太烦了,angry
今天上午上了语文课和数学课,neutral
中午在食堂吃的红烧肉盖饭,neutral
下午放学后要去图书馆借书,neutral
今天的作业是数学练习册第五页,neutral
明天有英语听写要准备一下,neutral
下午两节课后是体育课,neutral
今天老师讲了二次函数,neutral
中午吃了面条和鸡蛋,neutral
放学后先回家再写作业,neutral
这周五要交一篇作文,neutral
今天课上讲了新的语法点,neutral
下午最后一节是自习课,neutral
今天作业不多大概半小时能写完,neutral
明天要带美术用品去学校,neutral
这周轮到我做值日,neutral
课间十分钟在走廊上转了转,neutral
今天发了新的课本,neutral
午休的时候在教室趴了一会,neutral
下午的自习课上写完了作业,neutral
明天有一场班级篮球赛,neutral
今天天气不错出了太阳,neutral
早上六点半起床的,neutral
放学路上经过了一家新开的便利店,neutral
晚上九点就准备睡了,neutral
今天穿了校服去上学,neutral
周末要去一趟文具店,neutral
今天坐公交车去的学校,neutral
晚饭吃了米饭和青菜,neutral
下午跟同学去操场走了两圈,neutral
回家路上买了瓶水,neutral
今天按时交了作业,neutral
课间去了趟小卖部,neutral
书包有点重换了个轻一点的,neutral
最近在用新买的笔袋,neutral
今天食堂的人不多,neutral
放学后等了一会儿公交,neutral
明天要穿正装参加升旗,neutral
课间操的时候在操场上站队了,neutral
今天中午没回宿舍在教室待着,neutral
放学后先去了趟超市,neutral
这次没考好没关系我会继续努力的,positive
虽然现在有点难但相信我可以克服的,positive
慢慢来吧一步一步总会进步的,positive
这次失败不算什么我要争取下次做好,positive
不管多难我都要坚持到底不放弃,positive
遇到困难正是成长的机会我要尝试面对,positive
虽然起步比别人晚但我相信努力能弥补,positive
现在的困难只是暂时的我要调整好心态,positive
每天都在进步一点点积累起来就是大进步,positive
这次做错了没关系下次吸取教训再尝试,positive
即使成绩不理想我也要继续奋斗下去,positive
暂时落后不代表永远落后我有信心赶上来,positive
我要把弱点变成动力拼一把不认输,positive
从今天开始做出改变一步一步来,positive
方法不对就换一种总会找到适合自己的方法继续努力,positive
这次虽然失败了但我学到了很多经验继续努力,positive
不怕慢就怕站坚持就是胜利,positive
虽然很难但我要迎难而上不退缩,positive
给自己加油一定可以渡过这个难关,positive
我相信只要坚持就会看到效果,positive
你已经比昨天好了继续保持努力,positive
今天也比昨天更进步了一点加油,positive
虽然还不完美但我在慢慢变好,positive
不要气馁你已经做得很好了继续努力,positive
今天的我已经比上个月的我进步了很多,positive
把眼光放长远一点困难不算什么坚持住,positive
困难只是暂时的我的努力不会白费的,positive
我一定行的以前也克服过比这更难的,positive
尽自己最大的努力就够了不后悔继续加油,positive
一天做好一件事积累下来就很厉害了,positive
别人能做到的我也可以做到相信自己,positive
给自己一个机会先尝试再说,positive
即使进度慢一点总比不开始强坚持做,positive
新环境刚开始不适应慢慢来总会适应的,positive
换了个学习方法正在努力调整中,positive
虽然进度慢了一点但方向是对的坚持走,positive
正在慢慢适应新的学习节奏,positive
一点一点来我相信自己能适应的,positive
刚开始确实不太习惯现在慢慢在适应了,positive
新的课程有点难但我已经在慢慢跟上了加油,positive
今天考试考了全班第三名太开心了,happy
期末成绩出来了比预想的好太多了太高兴了,happy
数学终于及格了好开心啊,happy
今天的小测验拿了满分太好了,happy
英语听写全对老师还表扬了我好开心,happy
被选上参加竞赛了好兴奋啊,happy
这次月考进步了好多名超开心,happy
作文被老师当范文读了太高兴了,happy
这次物理居然考了九十分太惊喜了,happy
竞赛初赛过了好开心好开心,happy
排名终于进了前十好满足啊,happy
期中考的成绩让全家都很高兴,happy
终于把那个难题解出来了好有成就感太开心了,happy
今天的口语考试发挥得特别好太开心了,happy
老师夸我进步很大心里美滋滋的,happy
爸妈今天表扬了我好高兴啊,happy
班主任说我是班里进步最大的太开心了,happy
被同学说学习方法好棒好开心,happy
妈妈说很为我骄傲太满足了,happy
今天被评上了优秀学生超开心,happy
学长夸我做得好心好好开心,happy
拿到了三好学生的奖状太开心了,happy
今天跟好朋友一起去逛了街好开心,happy
周末和朋友打了半天篮球超爽的,happy
生日聚会好热闹啊好开心,happy
跟同学一起玩桌游笑得肚子疼好开心,happy
今天和朋友们去了游乐园太好玩了,happy
小组讨论的时候大家配合得很好好开心,happy
终于约到朋友一起打球了太高兴了,happy
周末和好朋友一起去爬山了好快乐,happy
终于等到期待已久的电影上映了好开心,happy
买到了喜欢很久的书好开心,happy
今天吃到了超好吃的蛋糕满足感满满,happy
今天收到了远方朋友寄来的礼物好惊喜,happy
养的花终于开了好开心啊,happy
明天要交三篇作文还只写了一篇来不及了,stressed
这周有五个考试要准备复习不完,stressed
作业堆了一座山根本写不完,stressed
这周作业太多了根本来不及写,stressed
期末考科目太多了根本复习不过来,stressed
今天又是赶作业到半夜累得不行,stressed
一堆作业堆在一起忙不过来了,stressed
考试一门接一门根本来不及准备,stressed
每天的任务太多了忙得头都晕了,stressed
这学期的课太多了根本来不及消化,stressed
六月份要考四门课复习时间不够,stressed
作业做了一整天还没做完好累,stressed
本周的课题作业量太大做不完,stressed
今天从早到晚都在赶进度累得不行,stressed
三科要同时复习根本忙不过来,stressed
老师布置的作业太多了做不完,stressed
一周之内要交三份报告来不及写,stressed
今天又是赶了一整天的作业太累了,stressed
离考试只剩三天了还有好多没背来不及了,stressed
作业截止时间快到了来不及完成,stressed
社团活动和作业撞在一起了时间不够,stressed
项目下周要交但进度还差好多来不及,stressed
今天的时间完全不够用好多事要做,stressed
周末两天要完成一周的作业量来不及了,stressed
明天要交的东西今天才开始写好赶,stressed
月底要交的报告一点都没动赶不及了,stressed
社团开会占了整个下午作业来不及写,stressed
补课和复习时间冲突了来不及安排,stressed
今天又有新的任务加进来忙不过来,stressed
今天又是加班写作业的一天太累了,stressed
考前复习清单上还有一大半没写完来不及了,stressed
周末两天都在赶作业累得不行,stressed
各科都有背诵任务背不完,stressed
这个月的任务量是上个月的两倍太多了,stressed
积压的作业太多了写不完啊,stressed
赶了一周的作业还是赶不完压力好大,stressed
每天都有新的任务加进来根本做不完,stressed
今天又是通宵赶作业的一天好累,stressed
四个小组作业同时推进根本忙不过来,stressed
一堆实验报告要写根本来不及,stressed
明天就考试了我好紧张啊,anxious
下周的成绩就要出来了心里好担心,anxious
马上要发卷子了手心都在出汗好紧张,anxious
考试的时候心跳特别快感觉要跳出来了,anxious
明天要上台做演讲紧张得发抖,anxious
等成绩的那几天我担心得睡不着,anxious
快要轮到我上台了紧张得心跳加速,anxious
考场里安静得可怕我紧张得手都抖了,anxious
每次考试前我都会紧张到出汗,anxious
下节课要点名回答问题好害怕叫到我,anxious
明天的面试让我好紧张担心表现不好,anxious
考试倒计时了心里越来越慌好紧张,anxious
这次考试特别重要我好紧张好害怕,anxious
临到考前才发现有知识点没复习好慌,anxious
大考之前一晚紧张得翻来覆去睡不着,anxious
成绩还没出来每天都在担心,anxious
等录取通知的那段日子特别焦虑,anxious
竞赛结果还没公布好不安好紧张,anxious
老师说下周公布排名我这几天都提心吊胆,anxious
提交了申请之后一直在担心能不能过,anxious
不知道面试结果怎么样好忐忑好不安,anxious
成绩马上要发了心里好慌好紧张,anxious
报名结果还没出来每天都在焦虑不安,anxious
课堂上老师提问我好怕答错好紧张,anxious
在同学面前发言怕说错话被笑好不安,anxious
新来的环境里做什么都小心翼翼的特别紧张,anxious
做实验的时候特别怕弄坏仪器好紧张,anxious
怕自己表现不好让大家失望好焦虑,anxious
上台说话总是担心自己会忘词好紧张,anxious
第一次做这个项目好怕出错好不安,anxious
每次交作业之前都反复检查好几遍好紧张,anxious
参加比赛好怕表现不好丢脸好害怕,anxious
回答问题的时候声音都在发抖好紧张,anxious
担心自己考砸了会让爸妈失望好害怕,anxious
上台表演前紧张得手心都湿了好害怕,anxious
